S. No.,Fixed Digit,Random Digit,Check digit,Combined Digit,
1,25,4586490,9,2545864909,Printed
2,25,7244400,0,2572444000,Printed
3,25,4074168,1,2540741681,Printed
4,25,2198157,2,2521981572,Printed
5,25,7341984,7,2573419847,Printed
6,25,1540957,0,2515409570,Printed
7,25,4813408,9,2548134089,Printed
8,25,4387430,5,2543874305,Printed
9,25,5775613,4,2557756134,Printed
10,25,6557557,5,2565575575,Printed
11,25,3190321,6,2531903216,Printed
12,25,4973172,2,2549731722,Printed
13,25,6651661,4,2566516614,Printed
14,25,9323712,8,2593237128,Printed
15,25,3138467,0,2531384670,Printed
16,25,2875982,7,2528759827,Printed
17,25,7263144,4,2572631444,Printed
18,25,8095693,2,2580956932,Printed
19,25,7113094,5,2571130945,Printed
20,25,8435894,4,2584358944,Printed
21,25,3612411,3,2536124113,Printed
22,25,6085615,9,2560856159,Printed
23,25,3027767,4,2530277674,Printed
24,25,4970518,1,2549705181,Printed
25,25,2808125,4,2528081254,Printed
26,25,9868951,7,2598689517,Printed
27,25,8216057,4,2582160574,Printed
28,25,7117293,6,2571172936,Printed
29,25,7090172,7,2570901727,Printed
30,25,7196701,7,2571967017,Printed
31,25,9812737,5,2598127375,Printed
32,25,8141624,4,2581416244,Printed
33,25,2961399,2,2529613992,Printed
34,25,9513653,4,2595136534,Printed
35,25,5844412,5,2558444125,Printed
36,25,9921028,7,2599210287,Printed
37,25,6878728,4,2568787284,Printed
38,25,3215587,0,2532155870,Printed
39,25,6621309,7,2566213097,Printed
40,25,5499978,0,2554999780,Printed
41,25,8836074,7,2588360747,Printed
42,25,5565993,1,2555659931,Printed
43,25,7729937,2,2577299372,Printed
44,25,3950931,7,2539509317,Printed
45,25,8957631,2,2589576312,Printed
46,25,7236813,3,2572368133,Printed
47,25,9040570,7,2590405707,Printed
48,25,5774138,3,2557741383,Printed
49,25,8912464,6,2589124646,Printed
50,25,5637902,4,2556379024,Printed
51,25,2664055,0,2526640550,Printed
52,25,1222105,4,2512221054,Printed
53,25,5559991,3,2555599913,Printed
54,25,7556365,5,2575563655,Printed
55,25,8719173,3,2587191733,Printed
56,25,6744200,9,2567442009,Printed
57,25,9740802,7,2597408027,Printed
58,25,3139606,1,2531396061,Printed
59,25,8104788,5,2581047885,Printed
60,25,2212656,3,2522126563,Printed
61,25,4538424,0,2545384240,Printed
62,25,8924892,6,2589248926,Printed
63,25,5210300,8,2552103008,Printed
64,25,4713362,8,2547133628,Printed
65,25,5654993,2,2556549932,Printed
66,25,3443398,9,2534433989,Printed
67,25,1643403,3,2516434033,Printed
68,25,9463090,9,2594630909,Printed
69,25,1767442,4,2517674424,Printed
70,25,5908175,1,2559081751,Printed
71,25,3605925,4,2536059254,Printed
72,25,7849419,4,2578494194,Printed
73,25,1860706,5,2518607065,Printed
74,25,2633171,8,2526331718,Printed
75,25,6506511,6,2565065116,Printed
76,25,1680419,7,2516804197,Printed
77,25,7570554,0,2575705540,Printed
78,25,4124356,1,2541243561,Printed
79,25,1763200,1,2517632001,Printed
80,25,5478227,3,2554782273,Printed
81,25,9511064,6,2595110646,Printed
82,25,4234240,2,2542342402,Printed
83,25,9519418,0,2595194180,Printed
84,25,6053987,9,2560539879,Printed
85,25,6410375,9,2564103759,Printed
86,25,9377476,6,2593774766,Printed
87,25,2173709,4,2521737094,Printed
88,25,9661159,6,2596611596,Printed
89,25,5633237,7,2556332377,Printed
90,25,8567969,3,2585679693,Printed
91,25,4206489,8,2542064898,Printed
92,25,3740067,4,2537400674,Printed
93,25,1330016,4,2513300164,Printed
94,25,5956836,4,2559568364,Printed
95,25,4776397,5,2547763975,Printed
96,25,8638591,3,2586385913,Printed
97,25,6019196,4,2560191964,Printed
98,25,1625759,7,2516257597,Printed
99,25,3954324,1,2539543241,Printed
100,25,8722244,5,2587222445,Printed
101,25,8884031,1,2588840311,Printed
102,25,1621736,1,2516217361,Printed
103,25,2264934,4,2522649344,Printed
104,25,6971450,0,2569714500,Printed
105,25,5443929,4,2554439294,Printed
106,25,8606907,6,2586069076,Printed
107,25,7413523,4,2574135234,Printed
108,25,5504633,7,2555046337,Printed
109,25,7547216,4,2575472164,Printed
110,25,3041095,1,2530410951,Printed
111,25,1690319,7,2516903197,Printed
112,25,5462847,2,2554628472,Printed
113,25,9824390,8,2598243908,Printed
114,25,9514881,6,2595148816,Printed
115,25,8564810,1,2585648101,Printed
116,25,9344937,2,2593449372,Printed
117,25,6839528,2,2568395282,Printed
118,25,3707503,2,2537075032,Printed
119,25,8409480,8,2584094808,Printed
120,25,1191837,2,2511918372,Printed
121,25,9182460,3,2591824603,Printed
122,25,2456530,5,2524565305,Printed
123,25,2125311,7,2521253117,Printed
124,25,1984413,3,2519844133,Printed
125,25,1655410,6,2516554106,Printed
126,25,5595235,4,2555952354,Printed
127,25,9680674,4,2596806744,Printed
128,25,9241326,2,2592413262,Printed
129,25,3525210,8,2535252108,Printed
130,25,7538776,9,2575387769,Printed
,25,9220765,5,2592207655,
,25,2081733,4,2520817334,
,25,1535815,8,2515358158,
,25,8081743,2,2580817432,
,25,6456448,3,2564564483,
,25,1952167,6,2519521676,
,25,7005743,3,2570057433,
,25,4507305,6,2545073056,
,25,6499440,7,2564994407,
,25,9807819,8,2598078198,
,25,2871181,6,2528711816,
,25,7902181,2,2579021812,
,25,9174961,9,2591749619,
,25,5785467,3,2557854673,
,25,2977890,9,2529778909,
,25,6521792,0,2565217920,
,25,4113548,6,2541135486,
,25,8308636,3,2583086363,
,25,8273673,7,2582736737,
,25,2156468,4,2521564684,
,25,5600433,3,2556004333,
,25,4125148,1,2541251481,
,25,4808053,7,2548080537,
,25,6712198,4,2567121984,
,25,7243929,8,2572439298,
,25,8993019,5,2589930195,
,25,1606944,8,2516069448,
,25,6638445,4,2566384454,
,25,1013511,4,2510135114,
,25,7602775,0,2576027750,
,25,1557469,3,2515574693,
,25,4410661,1,2544106611,
,25,3093790,7,2530937907,
,25,3852520,7,2538525207,
,25,5411724,8,2554117248,
,25,5006641,1,2550066411,
,25,8302331,6,2583023316,
,25,7776704,4,2577767044,
,25,1898176,3,2518981763,
,25,5203520,8,2552035208,
,25,9527287,9,2595272879,
,25,5270353,7,2552703537,
,25,7715485,9,2577154859,
,25,7566177,3,2575661773,
,25,2755058,5,2527550585,
,25,9247563,0,2592475630,
,25,4875965,1,2548759651,
,25,8197994,6,2581979946,
,25,7778716,8,2577787168,
,25,5026429,5,2550264295,
,25,6464495,7,2564644957,
,25,4681364,4,2546813644,
,25,2604678,6,2526046786,
,25,4542104,7,2545421047,
,25,7383598,1,2573835981,
,25,5148061,0,2551480610,
,25,6908112,4,2569081124,
,25,1455534,7,2514555347,
,25,8066526,5,2580665265,
,25,7088488,8,2570884888,
,25,6626843,8,2566268438,
,25,1347467,8,2513474678,
,25,7457575,4,2574575754,
,25,9334054,7,2593340547,
,25,3929016,2,2539290162,
,25,2965675,7,2529656757,
,25,7782495,4,2577824954,
,25,7628350,1,2576283501,
,25,8341519,2,2583415192,
,25,6927867,5,2569278675,
,25,9761724,1,2597617241,
,25,8340509,6,2583405096,
,25,1784217,7,2517842177,
,25,8373626,6,2583736266,
,25,8955329,8,2589553298,
,25,7168064,0,2571680640,
,25,2619252,9,2526192529,
,25,2805752,3,2528057523,
,25,5870908,5,2558709085,
,25,7126812,5,2571268125,
,25,6595228,6,2565952286,
,25,2764706,9,2527647069,
,25,5314333,2,2553143332,
,25,6731667,2,2567316672,
,25,1742808,3,2517428083,
,25,8039458,2,2580394582,
,25,3218121,7,2532181217,
,25,6035141,3,2560351413,
,25,8861289,6,2588612896,
,25,9833812,7,2598338127,
,25,5843327,5,2558433275,
,25,5109054,0,2551090540,
,25,8224979,5,2582249795,
,25,7679389,3,2576793893,
,25,7818250,7,2578182507,
,25,3630281,2,2536302812,
,25,9533673,0,2595336730,
,25,9914757,4,2599147574,
,25,3950865,0,2539508650,
,25,7462777,5,2574627775,
,25,1933340,9,2519333409,
,25,2234760,7,2522347607,
,25,3131801,8,2531318018,
,25,8515800,0,2585158000,
,25,1141081,1,2511410811,
,25,3154927,8,2531549278,
,25,1930781,6,2519307816,
,25,7702244,5,2577022445,
,25,1322724,8,2513227248,
,25,4232923,0,2542329230,
,25,5681855,6,2556818556,
,25,1521139,3,2515211393,
,25,5391902,4,2553919024,
,25,4542289,0,2545422890,
,25,5951373,6,2559513736,
,25,8644841,3,2586448413,
,25,8826216,0,2588262160,
,25,8203327,8,2582033278,
,25,1287534,7,2512875347,
,25,7904154,4,2579041544,
,25,9929126,0,2599291260,
,25,2741794,6,2527417946,
,25,8061481,3,2580614813,
,25,2233511,0,2522335110,
,25,3705424,2,2537054242,
,25,7668116,0,2576681160,
,25,9027278,2,2590272782,
,25,9463618,6,2594636186,
,25,9163684,7,2591636847,
,25,6948197,7,2569481977,
,25,9951770,6,2599517706,
,25,5330321,2,2553303212,
,25,3910835,7,2539108357,
,25,8971423,7,2589714237,
,25,9295185,0,2592951850,
,25,4706236,8,2547062368,
,25,5361999,5,2553619995,
,25,2212322,0,2522123220,
,25,1459465,2,2514594652,
,25,5855555,3,2558555553,
,25,4753010,9,2547530109,
,25,3029373,8,2530293738,
,25,5563726,1,2555637261,
,25,5462692,1,2554626921,
,25,8413529,4,2584135294,
,25,4947812,6,2549478126,
,25,7054847,6,2570548476,
,25,9291848,8,2592918488,
,25,9435421,9,2594354219,
,25,2332833,6,2523328336,
,25,5716089,7,2557160897,
,25,3597265,3,2535972653,
,25,2954090,6,2529540906,
,25,7575395,1,2575753951,
,25,9797777,7,2597977777,
,25,8822916,9,2588229169,
,25,8749700,8,2587497008,
,25,9784947,1,2597849471,
,25,8061452,9,2580614529,
,25,6705538,0,2567055380,
,25,6770729,3,2567707293,
,25,8511678,4,2585116784,
,25,5502537,1,2555025371,
,25,1626383,9,2516263839,
,25,3484079,1,2534840791,
,25,4205466,4,2542054664,
,25,7396457,2,2573964572,
,25,9944745,7,2599447457,
,25,4663929,9,2546639299,
,25,1959540,6,2519595406,
,25,1099257,2,2510992572,
,25,5090272,7,2550902727,
,25,3345820,1,2533458201,
,25,2583933,9,2525839339,
,25,2726172,9,2527261729,
,25,7391272,9,2573912729,
,25,3192945,8,2531929458,
,25,2207107,3,2522071073,
,25,7430226,0,2574302260,
,25,1972654,8,2519726548,
,25,1448385,0,2514483850,
,25,9413730,2,2594137302,
,25,8507812,4,2585078124,
,25,4569851,1,2545698511,
,25,3980024,9,2539800249,
,25,8392379,7,2583923797,
,25,6969355,3,2569693553,
,25,6774017,7,2567740177,
,25,6664161,8,2566641618,
,25,7689033,4,2576890334,
,25,1530518,9,2515305189,
,25,5048979,0,2550489790,
,25,1499316,3,2514993163,
,25,6940522,9,2569405229,
,25,5203080,5,2552030805,
,25,6841871,8,2568418718,
,25,2393501,0,2523935010,
,25,4396696,4,2543966964,
,25,7794454,8,2577944548,
,25,9247090,4,2592470904,
,25,5526241,0,2555262410,
,25,3130856,9,2531308569,
,25,6660984,2,2566609842,
,25,1977120,4,2519771204,
,25,8550861,8,2585508618,
,25,1585108,0,2515851080,
,25,5002521,4,2550025214,
,25,2844015,5,2528440155,
,25,9673101,3,2596731013,
,25,3500580,4,2535005804,
,25,1834417,5,2518344175,
,25,8561735,3,2585617353,
,25,2818832,2,2528188322,
,25,9342038,6,2593420386,
,25,2527959,5,2525279595,
,25,4442252,9,2544422529,
,25,9686713,4,2596867134,
,25,8042252,7,2580422527,
,25,8471401,2,2584714012,
,25,4477267,6,2544772676,
,25,8470823,0,2584708230,
,25,3263514,0,2532635140,
,25,5971122,7,2559711227,
,25,1372595,3,2513725953,
,25,6433854,7,2564338547,
,25,1402070,5,2514020705,
,25,5986097,1,2559860971,
,25,9333711,8,2593337118,
,25,1313202,0,2513132020,
,25,1245756,6,2512457566,
,25,7668709,2,2576687092,
,25,9788631,4,2597886314,
,25,2750280,0,2527502800,
,25,6535974,5,2565359745,
,25,8971117,9,2589711179,
,25,1778280,3,2517782803,
,25,1547658,5,2515476585,
,25,4682208,5,2546822085,
,25,2768723,6,2527687236,
,25,2444658,5,2524446585,
,25,5579130,6,2555791306,
,25,5530601,1,2555306011,
,25,6050956,1,2560509561,
,25,7903593,8,2579035938,
,25,7604571,6,2576045716,
,25,1397680,4,2513976804,
,25,5734453,8,2557344538,
,25,7801537,7,2578015377,
,25,2074459,3,2520744593,
,25,2546135,2,2525461352,
,25,5564843,5,2555648435,
,25,4024826,0,2540248260,
,25,7248173,6,2572481736,
,25,4901650,0,2549016500,
,25,8390754,5,2583907545,
,25,2355018,3,2523550183,
,25,6595721,6,2565957216,
,25,2088066,2,2520880662,
,25,8817263,7,2588172637,
,25,8345351,4,2583453514,
,25,6504278,8,2565042788,
,25,7792754,2,2577927542,
,25,2875898,5,2528758985,
,25,3331081,7,2533310817,
,25,7768945,2,2577689452,
,25,2064906,4,2520649064,
,25,3884464,4,2538844644,
,25,9280396,9,2592803969,
,25,1211371,1,2512113711,
,25,8396477,8,2583964778,
,25,6112293,7,2561122937,
,25,6142793,7,2561427937,
,25,7040422,8,2570404228,
,25,4338885,2,2543388852,
,25,3215207,7,2532152077,
,25,1458253,6,2514582536,
,25,7245817,5,2572458175,
,25,1968107,6,2519681076,
,25,6659335,4,2566593354,
,25,7253252,1,2572532521,
,25,9398648,1,2593986481,
,25,2726654,3,2527266543,
,25,6514046,5,2565140465,
,25,6668574,7,2566685747,
,25,6721998,6,2567219986,
,25,1042956,7,2510429567,
,25,9061693,1,2590616931,
,25,4339114,5,2543391145,
,25,9190334,4,2591903344,
,25,9657038,8,2596570388,
,25,6645426,4,2566454264,
,25,4277273,8,2542772738,
,25,2718141,2,2527181412,
,25,7765896,7,2577658967,
,25,2056287,2,2520562872,
,25,2899262,3,2528992623,
,25,7206253,4,2572062534,
,25,4942859,8,2549428598,
,25,5546871,3,2555468713,
,25,3877583,3,2538775833,
,25,8328616,7,2583286167,
,25,7282230,8,2572822308,
,25,3251260,3,2532512603,
,25,6703123,7,2567031237,
,25,7462692,1,2574626921,
,25,7373870,5,2573738705,
,25,9389553,6,2593895536,
,25,9196778,2,2591967782,
,25,5093506,6,2550935066,
,25,8521939,3,2585219393,
,25,2140205,0,2521402050,
,25,7723186,4,2577231864,
,25,7354321,4,2573543214,
,25,4087818,5,2540878185,
,25,1474509,6,2514745096,
,25,2528114,2,2525281142,
,25,7106203,7,2571062037,
,25,7959331,8,2579593318,
,25,3564952,2,2535649522,
,25,2446240,3,2524462403,
,25,6104225,8,2561042258,
,25,5926684,3,2559266843,
,25,1602804,5,2516028045,
,25,9207498,4,2592074984,
,25,9349835,1,2593498351,
,25,6180122,6,2561801226,
,25,6990175,8,2569901758,
,25,9707869,9,2597078699,
,25,4686911,4,2546869114,
,25,4235118,5,2542351185,
,25,7907913,6,2579079136,
,25,6904436,9,2569044369,
,25,6063290,7,2560632907,
,25,2337985,4,2523379854,
,25,2203110,0,2522031100,
,25,4444724,2,2544447242,
,25,8650051,8,2586500518,
,25,2808108,8,2528081088,
,25,6388593,0,2563885930,
,25,4746775,9,2547467759,
,25,6187622,1,2561876221,
,25,1832593,2,2518325932,
,25,1301671,9,2513016719,
,25,8009126,9,2580091269,
,25,2510745,3,2525107453,
,25,3944906,5,2539449065,
,25,1630555,8,2516305558,
,25,7548784,7,2575487847,
,25,2193627,0,2521936270,
,25,2791192,6,2527911926,
,25,3084226,0,2530842260,
,25,1940504,3,2519405043,
,25,1652101,5,2516521015,
,25,9816253,1,2598162531,
,25,6455179,8,2564551798,
,25,5662095,6,2556620956,
,25,3841361,0,2538413610,
,25,1185734,3,2511857343,
,25,4204337,4,2542043374,
,25,9338219,7,2593382197,
,25,1895889,7,2518958897,
,25,3601925,3,2536019253,
,25,2483587,1,2524835871,
,25,7219037,3,2572190373,
,25,7672384,8,2576723848,
,25,2667594,5,2526675945,
,25,2703733,5,2527037335,
,25,6230299,9,2562302999,
,25,9177073,0,2591770730,
,25,3105641,1,2531056411,
,25,2854340,9,2528543409,
,25,5787901,2,2557879012,
,25,9285513,5,2592855135,
,25,4451916,0,2544519160,
,25,4786793,5,2547867935,
,25,2582613,5,2525826135,
,25,9995983,5,2599959835,
,25,2804346,9,2528043469,
,25,8583034,9,2585830349,
,25,3709663,5,2537096635,
,25,5696871,1,2556968711,
,25,2833611,7,2528336117,
,25,2949835,8,2529498358,
,25,4843019,7,2548430197,
,25,6573922,1,2565739221,
,25,9538926,0,2595389260,
,25,3302090,3,2533020903,
,25,6635688,1,2566356881,
,25,9334996,9,2593349969,
,25,3167033,9,2531670339,
,25,3828478,3,2538284783,
,25,6165018,7,2561650187,
,25,8887986,3,2588879863,
,25,1303365,7,2513033657,
,25,7369016,5,2573690165,
,25,6035962,8,2560359628,
,25,7471809,2,2574718092,
,25,2391377,9,2523913779,
,25,6376365,0,2563763650,
,25,8705440,8,2587054408,
,25,4010872,7,2540108727,
,25,9839386,9,2598393869,
,25,7581412,7,2575814127,
,25,4697375,9,2546973759,
,25,1140213,8,2511402138,
,25,6433820,4,2564338204,
,25,4238527,7,2542385277,
,25,3640704,9,2536407049,
,25,6431464,9,2564314649,
,25,7993600,7,2579936007,
,25,3987011,6,2539870116,
,25,7481577,7,2574815777,
,25,7839111,4,2578391114,
,25,3072441,0,2530724410,
,25,7432670,5,2574326705,
,25,7796167,1,2577961671,
,25,7281971,1,2572819711,
,25,5044203,4,2550442034,
,25,3527034,0,2535270340,
,25,9861964,0,2598619640,
,25,4576610,6,2545766106,
,25,2090950,1,2520909501,
,25,8701669,2,2587016692,
,25,6033111,4,2560331114,
,25,2647403,4,2526474034,
,25,8454248,8,2584542488,
,25,8501136,3,2585011363,
,25,1009292,4,2510092924,
,25,6052213,6,2560522136,
,25,4807257,9,2548072579,
,25,2150536,4,2521505364,
,25,1787880,5,2517878805,
,25,4383167,7,2543831677,
,25,7758520,6,2577585206,
,25,5092230,2,2550922302,
,25,9445479,8,2594454798,
,25,7028762,2,2570287622,
,25,1307914,9,2513079149,
,25,2031170,5,2520311705,
,25,2407724,5,2524077245,
,25,2116555,6,2521165556,
,25,3541046,1,2535410461,
,25,4439467,2,2544394672,
,25,5535111,8,2555351118,
,25,6194923,8,2561949238,
,25,5970455,2,2559704552,
,25,2788137,4,2527881374,
,25,2177852,4,2521778524,
,25,9357921,7,2593579217,
,25,7710282,0,2577102820,
,25,1997655,7,2519976557,
,25,8334182,1,2583341821,
,25,7068993,6,2570689936,
,25,9105679,4,2591056794,
,25,3728796,1,2537287961,
,25,1184244,4,2511842444,
,25,4897314,8,2548973148,
,25,6528992,5,2565289925,
,25,2171393,9,2521713939,
,25,8565616,8,2585656168,
,25,1744806,9,2517448069,
,25,3801889,6,2538018896,
,25,7931017,9,2579310179,
,25,1406757,0,2514067570,
,25,5912352,8,2559123528,
,25,6105859,8,2561058598,
,25,5462212,8,2554622128,
,25,5741075,0,2557410750,
,25,8530526,7,2585305267,
,25,6303133,4,2563031334,
,25,6251810,4,2562518104,
,25,4687030,8,2546870308,
,25,7463127,4,2574631274,
,25,3305862,2,2533058622,
,25,1616991,7,2516169917,
,25,9698612,0,2596986120,
,25,2781101,5,2527811015,
,25,8503473,0,2585034730,
,25,4550105,1,2545501051,
,25,3465756,2,2534657562,
,25,2299907,9,2522999079,
,25,6286444,7,2562864447,
,25,5515944,2,2555159442,
,25,3075680,4,2530756804,
,25,5475167,0,2554751670,
,25,1389308,7,2513893087,
,25,1487006,9,2514870069,
,25,2433824,4,2524338244,
,25,9159432,5,2591594325,
,25,6116504,7,2561165047,
,25,3788443,2,2537884432,
,25,7487043,1,2574870431,
,25,2337171,6,2523371716,
,25,3511793,0,2535117930,
,25,6516761,5,2565167615,
,25,3491867,9,2534918679,
,25,3975571,7,2539755717,
,25,1185244,1,2511852441,
,25,6394969,5,2563949695,
,25,2427104,9,2524271049,
,25,7555516,8,2575555168,
,25,3821379,8,2538213798,
,25,9931765,8,2599317658,
,25,5662764,2,2556627642,
,25,1680130,3,2516801303,
,25,7357908,1,2573579081,
,25,3663476,8,2536634768,
,25,6166201,7,2561662017,
,25,3397479,6,2533974796,
,25,9446501,1,2594465011,
,25,8074849,6,2580748496,
,25,1851606,3,2518516063,
,25,7519597,3,2575195973,
,25,7085436,5,2570854365,
,25,9518432,8,2595184328,
,25,9160381,3,2591603813,
,25,2271713,4,2522717134,
,25,4248456,0,2542484560,
,25,9082151,7,2590821517,
,25,1597669,3,2515976693,
,25,9063586,9,2590635869,
,25,8925066,9,2589250669,
,25,4890840,7,2548908407,
,25,1744207,9,2517442079,
,25,3039097,4,2530390974,
,25,4234492,1,2542344921,
,25,9769850,7,2597698507,
,25,3212924,0,2532129240,
,25,2330782,9,2523307829,
,25,4178921,9,2541789219,
,25,2547501,6,2525475016,
,25,7126099,8,2571260998,
,25,2622713,3,2526227133,
,25,2161146,0,2521611460,
,25,8528033,8,2585280338,
,25,2951613,9,2529516139,
,25,2708162,7,2527081627,
,25,5607606,4,2556076064,
,25,6827814,8,2568278148,
,25,5955778,7,2559557787,
,25,1217750,2,2512177502,
,25,9909860,1,2599098601,
,25,4334995,9,2543349959,
,25,5105419,7,2551054197,
,25,2589261,9,2525892619,
,25,4425849,5,2544258495,
,25,4026386,2,2540263862,
,25,9983305,7,2599833057,
,25,4652091,6,2546520916,
,25,4466903,1,2544669031,
,25,6255236,1,2562552361,
,25,8168773,8,2581687738,
,25,1907285,1,2519072851,
,25,8037215,5,2580372155,
,25,4409740,7,2544097407,
,25,4579276,7,2545792767,
,25,2698387,5,2526983875,
,25,8589638,6,2585896386,
,25,8034442,6,2580344426,
,25,7468820,3,2574688203,
,25,5988835,0,2559888350,
,25,8214927,6,2582149276,
,25,6105392,0,2561053920,
,25,4135692,0,2541356920,
,25,3388383,2,2533883832,
,25,8491156,1,2584911561,
,25,1654734,5,2516547345,
,25,2904567,2,2529045672,
,25,4404038,0,2544040380,
,25,1685830,2,2516858302,
,25,5351593,5,2553515935,
,25,7617033,8,2576170338,
,25,7630286,2,2576302862,
,25,7125317,7,2571253177,
,25,6963469,4,2569634694,
,25,2689771,5,2526897715,
,25,9738841,2,2597388412,
,25,7324510,6,2573245106,
,25,8846004,2,2588460042,
,25,3781072,0,2537810720,
,25,8679954,9,2586799549,
,25,9904221,1,2599042211,
,25,6738861,7,2567388617,
,25,7244063,7,2572440637,
,25,3465291,4,2534652914,
,25,8414628,2,2584146282,
,25,6181586,1,2561815861,
,25,6838962,5,2568389625,
,25,4266686,8,2542666868,
,25,2930149,5,2529301495,
,25,2805715,2,2528057152,
,25,4626877,1,2546268771,
,25,7335536,9,2573355369,
,25,2684471,6,2526844716,
,25,6608002,2,2566080022,
,25,6574120,9,2565741209,
,25,2424399,7,2524243997,
,25,4073992,7,2540739927,
,25,6064559,3,2560645593,
,25,2158677,8,2521586778,
,25,5975360,9,2559753609,
,25,3073780,9,2530737809,
,25,3606792,7,2536067927,
,25,7189449,3,2571894493,
,25,4328959,8,2543289598,
,25,8482224,6,2584822246,
,25,9547438,0,2595474380,
,25,4124048,4,2541240484,
,25,6603025,9,2566030259,
,25,5438856,6,2554388566,
,25,3018610,3,2530186103,
,25,7402413,8,2574024138,
,25,3692475,0,2536924750,
,25,3344413,6,2533444136,
,25,4863665,6,2548636656,
,25,9701152,4,2597011524,
,25,2049192,4,2520491924,
,25,4653002,3,2546530023,
,25,9710813,5,2597108135,
,25,1557523,2,2515575232,
,25,8515301,0,2585153010,
,25,4003340,8,2540033408,
,25,5648812,0,2556488120,
,25,8512110,5,2585121105,
,25,1503717,3,2515037173,
,25,7809316,4,2578093164,
,25,5023669,3,2550236693,
,25,2775735,0,2527757350,
,25,3246563,2,2532465632,
,25,2739732,2,2527397322,
,25,7880212,3,2578802123,
,25,7438812,5,2574388125,
,25,7665091,9,2576650919,
,25,4482872,5,2544828725,
,25,3483473,3,2534834733,
,25,1410313,2,2514103132,
,25,5653964,0,2556539640,
,25,2813644,1,2528136441,
,25,8172256,5,2581722565,
,25,7598708,4,2575987084,
,25,1218311,9,2512183119,
,25,9259322,5,2592593225,
,25,9520851,0,2595208510,
,25,8328677,4,2583286774,
,25,5953665,4,2559536654,
,25,6594538,7,2565945387,
,25,5414777,1,2554147771,
,25,5625103,8,2556251038,
,25,4816966,9,2548169669,
,25,5986942,2,2559869422,
,25,3182538,0,2531825380,
,25,1789777,3,2517897773,
,25,1001017,8,2510010178,
,25,8862059,0,2588620590,
,25,3367787,4,2533677874,
,25,5646483,9,2556464839,
,25,3995312,0,2539953120,
,25,3459163,2,2534591632,
,25,5074898,5,2550748985,
,25,3936510,8,2539365108,
,25,5592926,3,2555929263,
,25,3609577,5,2536095775,
,25,7075855,0,2570758550,
,25,3609414,8,2536094148,
,25,8686120,2,2586861202,
,25,9484618,4,2594846184,
,25,3027480,0,2530274800,
,25,2172725,2,2521727252,
,25,6182633,0,2561826330,
,25,5932490,0,2559324900,
,25,8215412,5,2582154125,
,25,6839535,0,2568395350,
,25,1270083,1,2512700831,
,25,2551722,5,2525517225,
,25,2214891,1,2522148911,
,25,8944340,7,2589443407,
,25,4557693,7,2545576937,
,25,2833349,1,2528333491,
,25,1738258,9,2517382589,
,25,9985180,5,2599851805,
,25,5332558,1,2553325581,
,25,9544836,7,2595448367,
,25,3725256,5,2537252565,
,25,6694107,1,2566941071,
,25,4281919,4,2542819194,
,25,1025815,9,2510258159,
,25,6424549,8,2564245498,
,25,3738166,7,2537381667,
,25,7553423,1,2575534231,
,25,4219034,3,2542190343,
,25,6813558,8,2568135588,
,25,4009549,5,2540095495,
,25,1952104,9,2519521049,
,25,9069489,6,2590694896,
,25,1208557,0,2512085570,
,25,4976263,7,2549762637,
,25,7405838,7,2574058387,
,25,9390506,6,2593905066,
,25,6328133,3,2563281333,
,25,8233602,2,2582336022,
,25,2570262,8,2525702628,
,25,9417652,8,2594176528,
,25,6390475,1,2563904751,
,25,9221900,6,2592219006,
,25,3589679,7,2535896797,
,25,5049630,7,2550496307,
,25,4048605,5,2540486055,
,25,1057509,7,2510575097,
,25,8582206,7,2585822067,
,25,5209926,5,2552099265,
,25,1097545,9,2510975459,
,25,2561615,7,2525616157,
,25,7375445,7,2573754457,
,25,2853745,1,2528537451,
,25,9923535,1,2599235351,
,25,5865468,1,2558654681,
,25,6383217,8,2563832178,
,25,3891912,1,2538919121,
,25,9607810,2,2596078102,
,25,1420794,5,2514207945,
,25,4284391,1,2542843911,
,25,1706654,3,2517066543,
,25,2446081,4,2524460814,
,25,4850591,6,2548505916,
,25,3341605,4,2533416054,
,25,8993823,3,2589938233,
,25,7399737,1,2573997371,
,25,9838228,4,2598382284,
,25,3780702,7,2537807027,
,25,9381889,7,2593818897,
,25,8655924,4,2586559244,
,25,6171690,9,2561716909,
,25,8640925,5,2586409255,
,25,3650133,3,2536501333,
,25,2041033,4,2520410334,
,25,2135018,7,2521350187,
,25,3901462,8,2539014628,
,25,2396768,0,2523967680,
,25,7505776,5,2575057765,
,25,5670435,3,2556704353,
,25,6491650,1,2564916501,
,25,1692304,5,2516923045,
,25,7279899,0,2572798990,
,25,5122356,5,2551223565,
,25,6000209,2,2560002092,
,25,4594283,6,2545942836,
,25,1580714,9,2515807149,
,25,3918397,7,2539183977,
,25,8513059,4,2585130594,
,25,1396588,6,2513965886,
,25,8952027,5,2589520275,
,25,5242725,0,2552427250,
,25,1029866,0,2510298660,
,25,8139835,5,2581398355,
,25,1408651,6,2514086516,
,25,7613523,9,2576135239,
,25,4336145,5,2543361455,
,25,3218956,0,2532189560,
,25,5566609,8,2555666098,
,25,2289028,5,2522890285,
,25,4040812,0,2540408120,
,25,2889862,3,2528898623,
,25,1850212,3,2518502123,
,25,9595569,7,2595955697,
,25,9728302,0,2597283020,
,25,3099184,6,2530991846,
,25,1684649,3,2516846493,
,25,2596202,8,2525962028,
,25,8819886,9,2588198869,
,25,4339384,0,2543393840,
,25,5306293,4,2553062934,
,25,7000016,0,2570000160,
,25,8790591,8,2587905918,
,25,1166113,5,2511661135,
,25,5452848,2,2554528482,
,25,7849832,0,2578498320,
,25,6846107,2,2568461072,
,25,8605499,9,2586054999,
,25,4731595,6,2547315956,
,25,2320018,4,2523200184,
,25,3028356,4,2530283564,
,25,4926137,4,2549261374,
,25,2906349,2,2529063492,
,25,3906297,1,2539062971,
,25,9988879,1,2599888791,
,25,3153857,3,2531538573,
,25,3692407,5,2536924075,
,25,6395884,8,2563958848,
,25,4345968,2,2543459682,
,25,8266925,1,2582669251,
,25,9903627,3,2599036273,
,25,1268990,2,2512689902,
,25,9624475,6,2596244756,
,25,2225149,9,2522251499,
,25,8956916,8,2589569168,
,25,1601659,6,2516016596,
,25,9266490,6,2592664906,
,25,1858431,2,2518584312,
,25,7806798,3,2578067983,
,25,1115129,5,2511151295,
,25,5096576,4,2550965764,
,25,6168636,7,2561686367,
,25,5356339,7,2553563397,
,25,5748309,0,2557483090,
,25,2927035,2,2529270352,
,25,9783204,1,2597832041,
,25,3270635,2,2532706352,
,25,6017706,7,2560177067,
,25,2696643,8,2526966438,
,25,2139761,8,2521397618,
,25,5905140,4,2559051404,
,25,1473053,7,2514730537,
,25,7650602,9,2576506029,
,25,5478051,6,2554780516,
,25,4753564,8,2547535648,
,25,7757085,5,2577570855,
,25,5589911,0,2555899110,
,25,8868852,7,2588688527,
,25,2418630,1,2524186301,
,25,2134374,7,2521343747,
,25,4145170,4,2541451704,
,25,3319056,6,2533190566,
,25,7613931,7,2576139317,
,25,3866804,2,2538668042,
,25,8362782,5,2583627825,
,25,8457982,2,2584579822,
,25,4116215,5,2541162155,
,25,5482235,4,2554822354,
,25,5630831,3,2556308313,
,25,3432012,8,2534320128,
,25,9904813,3,2599048133,
,25,6808090,9,2568080909,
,25,3117388,8,2531173888,
,25,6412976,5,2564129765,
,25,2948594,7,2529485947,
,25,2623034,7,2526230347,
,25,9445744,5,2594457445,
,25,9560287,4,2595602874,
,25,2230659,7,2522306597,
,25,2917637,2,2529176372,
,25,6289133,3,2562891333,
,25,4367637,5,2543676375,
,25,3637167,1,2536371671,
,25,5048828,1,2550488281,
,25,2931690,2,2529316902,
,25,9072150,7,2590721507,
,25,3279041,1,2532790411,
,25,9523162,2,2595231622,
,25,9612964,2,2596129642,
,25,5207188,6,2552071886,
,25,6663943,5,2566639435,
,25,9750362,4,2597503624,
,25,4650015,7,2546500157,
,25,4439598,6,2544395986,
,25,7890795,6,2578907956,
,25,2871285,6,2528712856,
,25,3914169,2,2539141692,
,25,1547988,9,2515479889,
,25,5700238,1,2557002381,
,25,4683428,9,2546834289,
,25,7228731,5,2572287315,
,25,7770710,5,2577707105,
,25,4781836,9,2547818369,
,25,4762251,2,2547622512,
,25,1649484,3,2516494843,
,25,8780532,1,2587805321,
,25,9212426,0,2592124260,
,25,2108084,6,2521080846,
,25,5391565,1,2553915651,
,25,2227558,2,2522275582,
,25,7279926,5,2572799265,
,25,6036034,3,2560360343,
,25,4374281,1,2543742811,
,25,8132781,9,2581327819,
,25,8233042,4,2582330424,
,25,8570280,4,2585702804,
,25,6969741,6,2569697416,
,25,2411710,0,2524117100,
,25,6689677,5,2566896775,
,25,1304353,7,2513043537,
,25,7561629,5,2575616295,
,25,9460848,6,2594608486,
,25,3535508,0,2535355080,
,25,4545392,1,2545453921,
,25,7947259,7,2579472597,
,25,6049356,2,2560493562,
,25,3149066,8,2531490668,
,25,6573128,1,2565731281,
,25,2448999,8,2524489998,
,25,4724068,6,2547240686,
,25,9700764,4,2597007644,
,25,9013232,0,2590132320,
,25,4840475,0,2548404750,
,25,9558083,7,2595580837,
,25,1090756,1,2510907561,
,25,5649911,8,2556499118,
,25,8838405,8,2588384058,
,25,8351490,5,2583514905,
,25,9814085,0,2598140850,
,25,9484035,0,2594840350,
,25,2962742,1,2529627421,
,25,1327339,5,2513273395,
,25,2671490,8,2526714908,
,25,7480816,2,2574808162,
,25,4025747,3,2540257473,
,25,4956814,8,2549568148,
,25,7780379,2,2577803792,
,25,8244968,7,2582449687,
,25,8374913,6,2583749136,
,25,1794605,9,2517946059,
,25,7782842,5,2577828425,
,25,2811494,4,2528114944,
,25,2285160,4,2522851604,
,25,5108818,1,2551088181,
,25,3496218,9,2534962189,
,25,5846695,3,2558466953,
,25,2572466,4,2525724664,
,25,5649325,6,2556493256,
,25,4506615,6,2545066156,
,25,6816666,9,2568166669,
,25,1584123,9,2515841239,
,25,7114283,5,2571142835,
,25,6366914,1,2563669141,
,25,6099521,9,2560995219,
,25,9210053,7,2592100537,
,25,7746600,4,2577466004,
,25,8128161,0,2581281610,
,25,7592759,6,2575927596,
,25,2455135,7,2524551357,
,25,7020479,7,2570204797,
,25,6906905,0,2569069050,
,25,3098647,7,2530986477,
,25,4414242,8,2544142428,
,25,8562705,7,2585627057,
,25,2070900,2,2520709002,
,25,2658171,7,2526581717,
,25,9199717,9,2591997179,
,25,3294207,0,2532942070,
,25,8411732,6,2584117326,
,25,3048076,0,2530480760,
,25,9485232,7,2594852327,
,25,5274433,4,2552744334,
,25,5365325,1,2553653251,
,25,1855692,5,2518556925,
,25,6850541,7,2568505417,
,25,7884464,4,2578844644,
,25,6939891,5,2569398915,
,25,9902692,0,2599026920,
,25,5038333,9,2550383339,
,25,3794320,5,2537943205,
,25,7515781,3,2575157813,
,25,3301628,0,2533016280,
,25,8567454,5,2585674545,
,25,5625734,2,2556257342,
,25,8092849,0,2580928490,
,25,5098045,7,2550980457,
,25,9885981,7,2598859817,
,25,8343772,5,2583437725,
,25,8878278,3,2588782783,
,25,5276134,9,2552761349,
,25,9393176,5,2593931765,
,25,4188951,2,2541889512,
,25,9331492,5,2593314925,
,25,7887379,5,2578873795,
,25,4211072,1,2542110721,
,25,1396121,9,2513961219,
,25,1912643,1,2519126431,
,25,2199309,1,2521993091,
,25,8544473,8,2585444738,
,25,4037162,4,2540371624,
,25,4817290,1,2548172901,
,25,8055426,7,2580554267,
,25,8832406,1,2588324061,
,25,1071648,2,2510716482,
,25,9922280,2,2599222802,
,25,5087581,0,2550875810,
,25,3664560,8,2536645608,
,25,8092922,4,2580929224,
,25,9016470,4,2590164704,
,25,6028505,5,2560285055,
,25,4613009,3,2546130093,
,25,6316611,1,2563166111,
,25,5144814,0,2551448140,
,25,3134899,3,2531348993,
,25,6712536,7,2567125367,
,25,4074447,6,2540744476,
,25,7555463,7,2575554637,
,25,1650447,1,2516504471,
,25,8312114,0,2583121140,
,25,2448283,0,2524482830,
,25,7306921,9,2573069219,
,25,1313278,5,2513132785,
,25,7415617,1,2574156171,
,25,7707567,9,2577075679,
,25,7065923,7,2570659237,
,25,9143893,5,2591438935,
,25,2431599,3,2524315993,
,25,3898070,3,2538980703,
,25,9006596,0,2590065960,
,25,1137226,1,2511372261,
,25,1459965,2,2514599652,
,25,5270498,9,2552704989,
,25,7007577,2,2570075772,
,25,7026482,2,2570264822,
,25,3857647,2,2538576472,
,25,5234701,0,2552347010,
,25,6536167,5,2565361675,
,25,9986579,5,2599865795,
,25,4845875,9,2548458759,
,25,5178472,8,2551784728,
,25,6707216,0,2567072160,
,25,4001462,7,2540014627,
,25,9348412,7,2593484127,
,25,1799555,7,2517995557,
,25,3009323,9,2530093239,
,25,4632273,0,2546322730,
,25,5083117,4,2550831174,
,25,5565253,9,2555652539,
,25,1102080,9,2511020809,
,25,8092265,5,2580922655,
,25,8168474,8,2581684748,
,25,9536128,4,2595361284,
,25,5905436,6,2559054366,
,25,1859600,6,2518596006,
,25,9152205,6,2591522056,
,25,2068578,0,2520685780,
,25,1925939,6,2519259396,
,25,3540564,8,2535405648,
,25,2420874,9,2524208749,
,25,6845690,5,2568456905,
,25,7394461,5,2573944615,
,25,4333458,9,2543334589,
,25,8407381,2,2584073812,
,25,9276533,9,2592765339,
,25,6326140,5,2563261405,
,25,6237360,0,2562373600,
,25,4877491,1,2548774911,
,25,2551162,6,2525511626,
,25,1055703,1,2510557031,
,25,6100146,2,2561001462,
,25,6847087,3,2568470873,
,25,8541930,3,2585419303,
,25,8149901,1,2581499011,
,25,9706611,2,2597066112,
,25,4358552,8,2543585528,
,25,4301230,8,2543012308,
,25,9853720,5,2598537205,
,25,1370215,4,2513702154,
,25,9427716,7,2594277167,
,25,7121677,3,2571216773,
,25,5388147,1,2553881471,
,25,4910943,5,2549109435,
,25,7962067,6,2579620676,
,25,5996739,4,2559967394,
,25,3484645,8,2534846458,
,25,5476927,7,2554769277,
,25,4346413,1,2543464131,
,25,8848205,8,2588482058,
,25,4515146,2,2545151462,
,25,7398984,2,2573989842,
,25,1693950,2,2516939502,
,25,7071407,0,2570714070,
,25,8456219,9,2584562199,
,25,9154839,6,2591548396,
,25,2468715,5,2524687155,
,25,4789964,5,2547899645,
,25,6712250,2,2567122502,
,25,9563834,9,2595638349,
,25,6299618,7,2562996187,
,25,6708862,7,2567088627,
,25,5514804,3,2555148043,
,25,5533045,7,2555330457,
,25,1326810,1,2513268101,
,25,4608022,8,2546080228,
,25,8214009,0,2582140090,
,25,3032218,6,2530322186,
,25,2347854,0,2523478540,
,25,8328065,6,2583280656,
,25,3282665,1,2532826651,
,25,6487620,5,2564876205,
,25,4364196,9,2543641969,
,25,5565811,8,2555658118,
,25,4264931,4,2542649314,
,25,2453838,2,2524538382,
,25,4867705,0,2548677050,
,25,8919126,0,2589191260,
,25,4218795,2,2542187952,
,25,3247771,8,2532477718,
,25,3352512,0,2533525120,
,25,5399029,3,2553990293,
,25,6425201,3,2564252013,
,25,4210474,3,2542104743,
,25,3089200,3,2530892003,
,25,4061564,7,2540615647,
,25,4266573,0,2542665730,
,25,8400259,3,2584002593,
,25,5156339,1,2551563391,
,25,5502753,6,2555027536,
,25,4213597,3,2542135973,
,25,4814346,9,2548143469,
,25,5088674,0,2550886740,
,25,5707019,0,2557070190,
,25,7801532,7,2578015327,
,25,3686596,7,2536865967,
,25,6271742,8,2562717428,
,25,7142776,1,2571427761,
,25,2325924,1,2523259241,
,25,8015284,4,2580152844,
,25,6389473,2,2563894732,
,25,9058476,0,2590584760,
,25,5742513,1,2557425131,
,25,7237563,0,2572375630,
,25,9814333,1,2598143331,
,25,5648206,2,2556482062,
,25,5917217,6,2559172176,
,25,5886229,8,2558862298,
,25,9818821,4,2598188214,
,25,9128002,3,2591280023,
,25,1939497,5,2519394975,
,25,8139575,6,2581395756,
,25,1882643,3,2518826433,
,25,7792367,0,2577923670,
,25,8686016,4,2586860164,
,25,2406590,2,2524065902,
,25,1171641,0,2511716410,
,25,7805056,3,2578050563,
,25,4201390,7,2542013907,
,25,4477423,5,2544774235,
,25,4472575,5,2544725755,
,25,9819010,4,2598190104,
,25,4748981,3,2547489813,
,25,6313010,8,2563130108,
,25,3482090,1,2534820901,
,25,8517375,1,2585173751,
,25,6577036,0,2565770360,
,25,5247935,7,2552479357,
,25,9368731,3,2593687313,
,25,1820895,6,2518208956,
,25,2544132,7,2525441327,
,25,3237048,5,2532370485,
,25,1953617,5,2519536175,
,25,6816497,3,2568164973,
,25,9752756,2,2597527562,
,25,2789068,5,2527890685,
,25,4688385,5,2546883855,
,25,3427751,8,2534277518,
,25,3250997,9,2532509979,
,25,9399320,3,2593993203,
,25,1848298,9,2518482989,
,25,5469921,1,2554699211,
,25,2679679,5,2526796795,
,25,5618981,5,2556189815,
,25,2003883,9,2520038839,
,25,3010657,1,2530106571,
,25,7465949,5,2574659495,
,25,5379630,1,2553796301,
,25,6886253,1,2568862531,
,25,3891964,0,2538919640,
,25,1794151,8,2517941518,
,25,7829608,6,2578296086,
,25,1219262,6,2512192626,
,25,7859872,1,2578598721,
,25,8121011,6,2581210116,
,25,9732626,9,2597326269,
,25,4955902,2,2549559022,
,25,3995328,8,2539953288,
,25,3444505,6,2534445056,
,25,7429272,0,2574292720,
,25,3626853,5,2536268535,
,25,1043148,8,2510431488,
,25,1884412,5,2518844125,
,25,5468495,8,2554684958,
,25,5185867,6,2551858676,
,25,4795413,4,2547954134,
,25,4387474,6,2543874746,
,25,8278855,0,2582788550,
,25,5819665,3,2558196653,
,25,7901554,0,2579015540,
,25,8531170,4,2585311704,
,25,1668254,1,2516682541,
,25,1679282,3,2516792823,
,25,5349406,7,2553494067,
,25,4467525,5,2544675255,
,25,5516083,1,2555160831,
,25,8385321,1,2583853211,
,25,9389843,9,2593898439,
,25,9022000,8,2590220008,
,25,1753145,3,2517531453,
,25,2461299,3,2524612993,
,25,1862187,4,2518621874,
,25,6842392,2,2568423922,
,25,1612422,1,2516124221,
,25,3557329,2,2535573292,
,25,8718391,1,2587183911,
,25,3278801,1,2532788011,
,25,3177682,8,2531776828,
,25,3440572,9,2534405729,
,25,3041065,7,2530410657,
,25,6368106,9,2563681069,
,25,3457149,1,2534571491,
,25,7249475,4,2572494754,
,25,2003749,8,2520037498,
,25,3895033,8,2538950338,
,25,2565866,7,2525658667,
,25,5435499,4,2554354994,
,25,9031394,1,2590313941,
,25,4006774,4,2540067744,
,25,7113107,4,2571131074,
,25,5149110,9,2551491109,
,25,1884830,1,2518848301,
,25,9269237,3,2592692373,
,25,9560118,9,2595601189,
,25,3566006,8,2535660068,
,25,9515089,3,2595150893,
,25,6370422,2,2563704222,
,25,6138686,6,2561386866,
,25,8795121,2,2587951212,
,25,4311754,3,2543117543,
,25,1900006,3,2519000063,
,25,2902443,1,2529024431,
,25,6561647,1,2565616471,
,25,4804072,2,2548040722,
,25,7764155,8,2577641558,
,25,7620558,8,2576205588,
,25,5816363,9,2558163639,
,25,6964412,3,2569644123,
,25,1830662,2,2518306622,
,25,7517364,3,2575173643,
,25,1786809,4,2517868094,
,25,2010691,3,2520106913,
,25,8341934,8,2583419348,
,25,6311698,5,2563116985,
,25,4756329,0,2547563290,
,25,1007740,9,2510077409,
,25,9481950,1,2594819501,
,25,5616163,3,2556161633,
,25,9033801,6,2590338016,
,25,3627126,0,2536271260,
,25,7238238,5,2572382385,
,25,4519219,0,2545192190,
,25,8159851,0,2581598510,
,25,4140776,5,2541407765,
,25,7360995,7,2573609957,
,25,9091950,9,2590919509,
,25,8384608,8,2583846088,
,25,8095837,5,2580958375,
,25,1788907,0,2517889070,
,25,5636562,3,2556365623,
,25,1847601,0,2518476010,
,25,7146491,8,2571464918,
,25,3384837,2,2533848372,
,25,1725097,7,2517250977,
,25,6692085,8,2566920858,
,25,8203053,1,2582030531,
,25,8204425,6,2582044256,
,25,1464556,5,2514645565,
,25,5554182,6,2555541826,
,25,5399459,6,2553994596,
,25,1806800,2,2518068002,
,25,1968564,3,2519685643,
,25,5481386,5,2554813865,
,25,2377367,8,2523773678,
,25,4308954,8,2543089548,
,25,2715897,7,2527158977,
,25,7355582,8,2573555828,
,25,1038375,0,2510383750,
,25,5983998,8,2559839988,
,25,4332660,9,2543326609,
,25,4322396,3,2543223963,
,25,9225445,9,2592254459,
,25,3208372,6,2532083726,
,25,2347565,8,2523475658,
,25,2561783,2,2525617832,
,25,7760463,4,2577604634,
,25,6474232,0,2564742320,
,25,9638749,4,2596387494,
,25,4973955,6,2549739556,
,25,5886887,5,2558868875,
,25,1000612,0,2510006120,
,25,6615712,6,2566157126,
,25,9000294,3,2590002943,
,25,2444807,6,2524448076,
,25,9200591,9,2592005919,
,25,5661457,6,2556614576,
,25,1850650,4,2518506504,
,25,1040277,7,2510402777,
,25,2891584,6,2528915846,
,25,9997560,5,2599975605,
,25,4866402,2,2548664022,
,25,4061618,8,2540616188,
,25,7672010,3,2576720103,
,25,4928889,9,2549288899,
,25,9612966,2,2596129662,
,25,5642443,7,2556424437,
,25,1329950,6,2513299506,
,25,8374833,2,2583748332,
,25,7565906,0,2575659060,
,25,3574499,4,2535744994,
,25,3498086,0,2534980860,
,25,5700407,7,2557004077,
,25,9931560,8,2599315608,
,25,8732970,8,2587329708,
,25,7024042,6,2570240426,
,25,3123248,6,2531232486,
,25,1226138,9,2512261389,
,25,1792712,1,2517927121,
,25,1686424,2,2516864242,
,25,5391479,9,2553914799,
,25,7726457,3,2577264573,
,25,4885981,7,2548859817,
,25,1954208,5,2519542085,
,25,5002619,6,2550026196,
,25,7801028,9,2578010289,
,25,9380488,9,2593804889,
,25,8460790,5,2584607905,
,25,8965152,1,2589651521,
,25,2431940,4,2524319404,
,25,5141241,0,2551412410,
,25,9743852,0,2597438520,
,25,3992075,4,2539920754,
,25,4946010,8,2549460108,
,25,9480416,2,2594804162,
,25,7588371,9,2575883719,
,25,4059666,0,2540596660,
,25,6087917,5,2560879175,
,25,1496585,4,2514965854,
,25,4002467,5,2540024675,
,25,8464951,5,2584649515,
,25,8088548,7,2580885487,
,25,2657939,8,2526579398,
,25,1454397,7,2514543977,
,25,2871743,5,2528717435,
,25,8308545,1,2583085451,
,25,1293733,6,2512937336,
,25,7503931,9,2575039319,
,25,7347863,8,2573478638,
,25,6370052,5,2563700525,
,25,4123979,9,2541239799,
,25,7372427,8,2573724278,
,25,1065083,4,2510650834,
,25,6428896,8,2564288968,
,25,7079496,4,2570794964,
,25,8313350,9,2583133509,
,25,8158508,3,2581585083,
,25,2384987,1,2523849871,
,25,9442741,2,2594427412,
,25,9868574,3,2598685743,
,25,3223605,2,2532236052,
,25,5380439,0,2553804390,
,25,8774424,5,2587744245,
,25,5225729,3,2552257293,
,25,9066723,5,2590667235,
,25,2892935,5,2528929355,
,25,1181709,8,2511817098,
,25,6927944,0,2569279440,
,25,5618952,1,2556189521,
,25,2096135,3,2520961353,
,25,3230913,6,2532309136,
,25,2129756,0,2521297560,
,25,8373321,6,2583733216,
,25,7929399,5,2579293995,
,25,8210877,3,2582108773,
,25,2441578,7,2524415787,
,25,9311797,5,2593117975,
,25,7495898,4,2574958984,
,25,4512817,5,2545128175,
,25,7159974,6,2571599746,
,25,4051251,9,2540512519,
,25,2991136,5,2529911365,
,25,6608238,6,2566082386,
,25,6342179,7,2563421797,
,25,3856484,5,2538564845,
,25,8353237,4,2583532374,
,25,1478577,2,2514785772,
,25,4750624,3,2547506243,
,25,1243606,2,2512436062,
,25,6221789,9,2562217899,
,25,2378574,4,2523785744,
,25,7166898,8,2571668988,
,25,8128533,7,2581285337,
,25,7593837,9,2575938379,
,25,1499918,3,2514999183,
,25,5954449,7,2559544497,
,25,2863005,9,2528630059,
,25,8773615,9,2587736159,
,25,8442561,7,2584425617,
,25,1035463,8,2510354638,
,25,5044541,6,2550445416,
,25,4826863,9,2548268639,
,25,4398133,3,2543981333,
,25,5639725,6,2556397256,
,25,5686889,9,2556868899,
,25,8771070,0,2587710700,
,25,8603240,5,2586032405,
,25,1281938,0,2512819380,
,25,5194002,2,2551940022,
,25,6159779,6,2561597796,
,25,4929985,7,2549299857,
,25,1428809,7,2514288097,
,25,8593261,2,2585932612,
,25,8552047,9,2585520479,
,25,3446864,8,2534468648,
,25,9228387,4,2592283874,
,25,8652597,6,2586525976,
,25,1597457,5,2515974575,
,25,7405273,8,2574052738,
,25,6491492,3,2564914923,
,25,5831396,4,2558313964,
,25,9112551,5,2591125515,
,25,1385177,0,2513851770,
,25,9838724,4,2598387244,
,25,5496459,0,2554964590,
,25,3576347,0,2535763470,
,25,2268066,8,2522680668,
,25,8556418,6,2585564186,
,25,3472055,9,2534720559,
,25,1930569,0,2519305690,
,25,9296128,1,2592961281,
,25,4241034,0,2542410340,
,25,4786970,9,2547869709,
,25,8434512,4,2584345124,
,25,9723666,8,2597236668,
,25,9753876,6,2597538766,
,25,9431739,6,2594317396,
,25,5594953,2,2555949532,
,25,7470079,9,2574700799,
,25,3356645,5,2533566455,
,25,3045601,1,2530456011,
,25,5868287,1,2558682871,
,25,9743314,9,2597433149,
,25,5153223,0,2551532230,
,25,3715502,6,2537155026,
,25,7915061,9,2579150619,
,25,3818516,6,2538185166,
,25,8124229,8,2581242298,
,25,3488337,1,2534883371,
,25,1676357,5,2516763575,
,25,3028664,2,2530286642,
,25,3108236,7,2531082367,
,25,5772874,8,2557728748,
,25,9436961,8,2594369618,
,25,3552308,7,2535523087,
,25,4057222,3,2540572223,
,25,1539221,8,2515392218,
,25,3342030,6,2533420306,
,25,8768087,3,2587680873,
,25,3773661,8,2537736618,
,25,7111400,8,2571114008,
,25,6541968,6,2565419686,
,25,2786541,6,2527865416,
,25,9122829,2,2591228292,
,25,7392533,6,2573925336,
,25,1254483,3,2512544833,
,25,5266789,8,2552667898,
,25,7406257,0,2574062570,
,25,7562348,9,2575623489,
,25,6553301,5,2565533015,
,25,8778954,9,2587789549,
,25,9180915,8,2591809158,
,25,7643151,2,2576431512,
,25,7619775,5,2576197755,
,25,1782826,9,2517828269,
,25,9313592,1,2593135921,
,25,8843108,9,2588431089,
,25,7526638,2,2575266382,
,25,1759017,6,2517590176,
,25,4471044,4,2544710444,
,25,4254625,6,2542546256,
,25,1362391,3,2513623913,
,25,9151002,8,2591510028,
,25,3563904,5,2535639045,
,25,1310815,4,2513108154,
,25,3650351,8,2536503518,
,25,7554675,8,2575546758,
,25,5885958,3,2558859583,
,25,1384477,3,2513844773,
,25,7568112,2,2575681122,
,25,3026714,7,2530267147,
,25,1820269,2,2518202692,
,25,9051717,8,2590517178,
,25,7431204,2,2574312042,
,25,2473789,1,2524737891,
,25,2019781,6,2520197816,
,25,1836280,5,2518362805,
,25,2268984,4,2522689844,
,25,2831757,2,2528317572,
,25,3912403,9,2539124039,
,25,8700847,9,2587008479,
,25,1091290,1,2510912901,
,25,4147316,3,2541473163,
,25,1229217,7,2512292177,
,25,5158038,7,2551580387,
,25,1621172,2,2516211722,
,25,4734123,5,2547341235,
,25,3009333,7,2530093337,
,25,7636491,7,2576364917,
,25,1851993,4,2518519934,
,25,2291243,8,2522912438,
,25,3196032,1,2531960321,
,25,1656396,7,2516563967,
,25,3776478,9,2537764789,
,25,4243834,6,2542438346,
,25,2506256,7,2525062567,
,25,2444019,4,2524440194,
,25,5030763,9,2550307639,
,25,6594316,1,2565943161,
,25,8729096,9,2587290969,
,25,3846212,0,2538462120,
,25,2998306,6,2529983066,
,25,4256829,1,2542568291,
,25,5988844,8,2559888448,
,25,8793593,2,2587935932,
,25,3126463,4,2531264634,
,25,5188601,3,2551886013,
,25,7794280,2,2577942802,
,25,6105032,3,2561050323,
,25,9822852,0,2598228520,
,25,5628946,4,2556289464,
,25,6888285,1,2568882851,
,25,5126276,2,2551262762,
,25,2319095,8,2523190958,
,25,7409889,8,2574098898,
,25,5010459,1,2550104591,
,25,8551977,4,2585519774,
,25,4316303,3,2543163033,
,25,6612021,1,2566120211,
,25,6690342,1,2566903421,
,25,3793097,2,2537930972,
,25,5059673,8,2550596738,
,25,4804997,8,2548049978,
,25,9099946,5,2590999465,
,25,9420606,4,2594206064,
,25,3728827,6,2537288276,
,25,3734143,1,2537341431,
,25,2811709,3,2528117093,
,25,6541580,2,2565415802,
,25,1676022,2,2516760222,
,25,1592988,0,2515929880,
,25,5031591,1,2550315911,
,25,7445252,2,2574452522,
,25,5096131,3,2550961313,
,25,6956088,3,2569560883,
,25,6506941,0,2565069410,
,25,8494276,1,2584942761,
,25,7170290,1,2571702901,
,25,7037330,1,2570373301,
,25,1844866,4,2518448664,
,25,4030385,5,2540303855,
,25,6589374,7,2565893747,
,25,3185979,4,2531859794,
,25,9419252,4,2594192524,
,25,1013842,8,2510138428,
,25,1633960,0,2516339600,
,25,1436053,0,2514360530,
,25,8393189,3,2583931893,
,25,6222526,0,2562225260,
,25,7664212,9,2576642129,
,25,2484180,9,2524841809,
,25,8638447,4,2586384474,
,25,7099171,8,2570991718,
,25,3956119,8,2539561198,
,25,6686902,6,2566869026,
,25,7494791,7,2574947917,
,25,6754244,1,2567542441,
,25,7309758,6,2573097586,
,25,6540477,6,2565404776,
,25,4379282,0,2543792820,
,25,5207134,7,2552071347,
,25,6750805,7,2567508057,
,25,7634541,3,2576345413,
,25,1229382,2,2512293822,
,25,9679763,7,2596797637,
,25,3948233,0,2539482330,
,25,2255561,4,2522555614,
,25,3643519,1,2536435191,
,25,4644443,3,2546444433,
,25,6679167,7,2566791677,
,25,3656835,0,2536568350,
,25,4368928,5,2543689285,
,25,1371720,0,2513717200,
,25,2786107,4,2527861074,
,25,4508861,1,2545088611,
,25,2478979,2,2524789792,
,25,6924179,0,2569241790,
,25,6592263,4,2565922634,
,25,4197229,1,2541972291,
,25,9180787,3,2591807873,
,25,2898591,9,2528985919,
,25,2667479,9,2526674799,
,25,3444737,0,2534447370,
,25,2698848,4,2526988484,
,25,3731508,5,2537315085,
,25,3170241,2,2531702412,
,25,9200274,3,2592002743,
,25,1091512,8,2510915128,
,25,9052335,2,2590523352,
,25,8730519,5,2587305195,
,25,6859082,9,2568590829,
,25,4174540,4,2541745404,
,25,2393125,6,2523931256,
,25,2983712,5,2529837125,
,25,8657310,2,2586573102,
,25,7949590,5,2579495905,
,25,8545767,7,2585457677,
,25,2417707,9,2524177079,
,25,1518363,1,2515183631,
,25,6065381,4,2560653814,
,25,8994949,7,2589949497,
,25,4153075,9,2541530759,
,25,1719363,5,2517193635,
,25,5875398,5,2558753985,
,25,3149209,1,2531492091,
,25,9640695,0,2596406950,
,25,1493113,6,2514931136,
,25,7598409,4,2575984094,
,25,9542603,7,2595426037,
,25,9031593,1,2590315931,
,25,2084260,1,2520842601,
,25,1936663,7,2519366637,
,25,8785933,0,2587859330,
,25,5150541,2,2551505412,
,25,2837939,4,2528379394,
,25,1261563,3,2512615633,
,25,9809213,4,2598092134,
,25,9587987,9,2595879879,
,25,7615011,6,2576150116,
,25,4137699,6,2541376996,
,25,5855949,6,2558559496,
,25,5414108,6,2554141086,
,25,8200037,2,2582000372,
,25,7523542,7,2575235427,
,25,7765058,5,2577650585,
,25,6414337,0,2564143370,
,25,4396492,4,2543964924,
,25,5460712,2,2554607122,
,25,6307644,3,2563076443,
,25,2547412,4,2525474124,
,25,8188282,6,2581882826,
,25,4443622,4,2544436224,
,25,8733589,4,2587335894,
,25,7535070,5,2575350705,
,25,5687434,8,2556874348,
,25,2947445,0,2529474450,
,25,2226824,1,2522268241,
,25,6106697,8,2561066978,
,25,6584904,3,2565849043,
,25,3784703,9,2537847039,
,25,6668371,7,2566683717,
,25,9442816,8,2594428168,
,25,2474791,7,2524747917,
,25,3059452,2,2530594522,
,25,3962680,2,2539626802,
,25,2788013,8,2527880138,
,25,7731779,0,2577317790,
,25,5492876,5,2554928765,
,25,1195462,6,2511954626,
,25,1036913,7,2510369137,
,25,1587477,1,2515874771,
,25,2805276,9,2528052769,
,25,9060212,0,2590602120,
,25,6336095,4,2563360954,
,25,3673383,6,2536733836,
,25,5656787,9,2556567879,
,25,5315757,4,2553157574,
,25,6390336,0,2563903360,
,25,5576529,4,2555765294,
,25,1372818,0,2513728180,
,25,6518642,6,2565186426,
,25,3213299,3,2532132993,
,25,9888421,4,2598884214,
,25,1310076,1,2513100761,
,25,9911855,0,2599118550,
,25,4520851,0,2545208510,
,25,6818722,4,2568187224,
,25,9255170,2,2592551702,
,25,6145343,1,2561453431,
,25,6829397,7,2568293977,
,25,2692182,8,2526921828,
,25,9690181,2,2596901812,
,25,8453942,0,2584539420,
,25,7592148,9,2575921489,
,25,7550659,0,2575506590,
,25,6108205,3,2561082053,
,25,4024827,0,2540248270,
,25,3383008,0,2533830080,
,25,9641624,3,2596416243,
,25,4816779,7,2548167797,
,25,7549253,1,2575492531,
,25,5220753,7,2552207537,
,25,7790376,2,2577903762,
,25,7828196,9,2578281969,
,25,4372309,2,2543723092,
,25,6615440,0,2566154400,
,25,3525259,9,2535252599,
,25,9503152,4,2595031524,
,25,5229627,5,2552296275,
,25,6814501,7,2568145017,
,25,4353494,1,2543534941,
,25,9587743,8,2595877438,
,25,4291386,9,2542913869,
,25,9027724,3,2590277243,
,25,8769823,4,2587698234,
,25,7163755,3,2571637553,
,25,2121696,9,2521216969,
,25,2118332,7,2521183327,
,25,1420938,8,2514209388,
,25,5818304,8,2558183048,
,25,3205362,4,2532053624,
,25,6361634,8,2563616348,
,25,3345808,5,2533458085,
,25,6031268,7,2560312687,
,25,4894229,3,2548942293,
,25,4393222,6,2543932226,
,25,8365268,2,2583652682,
,25,2377593,2,2523775932,
,25,1981755,0,2519817550,
,25,4395458,4,2543954584,
,25,2503852,4,2525038524,
,25,5646419,4,2556464194,
,25,1627171,9,2516271719,
,25,9903994,8,2599039948,
,25,2792647,5,2527926475,
,25,1390140,8,2513901408,
,25,4019495,4,2540194954,
,25,9355312,3,2593553123,
,25,1924033,9,2519240339,
,25,4733848,3,2547338483,
,25,7996905,0,2579969050,
,25,6641826,3,2566418263,
,25,1007473,2,2510074732,
,25,4499287,8,2544992878,
,25,5818383,1,2558183831,
,25,5492774,5,2554927745,
,25,9110106,0,2591101060,
,25,2827302,0,2528273020,
,25,6422270,5,2564222705,
,25,5457211,7,2554572117,
,25,2356715,1,2523567151,
,25,1518901,4,2515189014,
,25,2800298,6,2528002986,
,25,6629617,8,2566296178,
,25,7110693,1,2571106931,
,25,4257444,5,2542574445,
,25,7565859,9,2575658599,
,25,6029161,0,2560291610,
,25,8160979,5,2581609795,
,25,3723092,2,2537230922,
,25,2401726,8,2524017268,
,25,9720433,1,2597204331,
,25,2899480,9,2528994809,
,25,8365545,7,2583655457,
,25,6835140,6,2568351406,
,25,1346437,7,2513464377,
,25,3189336,5,2531893365,
,25,3262211,2,2532622112,
,25,2707102,2,2527071022,
,25,4733915,9,2547339159,
,25,8996438,4,2589964384,
,25,8056357,8,2580563578,
,25,6777924,8,2567779248,
,25,9626581,9,2596265819,
,25,5884943,9,2558849439,
,25,3443407,8,2534434078,
,25,5142532,0,2551425320,
,25,8403582,1,2584035821,
,25,7162097,7,2571620977,
,25,3053432,0,2530534320,
,25,8516708,8,2585167088,
,25,7848539,2,2578485392,
,25,7798485,3,2577984853,
,25,5864035,1,2558640351,
,25,5999399,5,2559993995,
,25,1648745,4,2516487454,
,25,8246922,1,2582469221,
,25,9470181,7,2594701817,
,25,3616434,0,2536164340,
,25,3324649,0,2533246490,
,25,2936486,3,2529364863,
,25,4636187,9,2546361879,
,25,3807402,0,2538074020,
,25,3716462,1,2537164621,
,25,9527803,6,2595278036,
,25,4559949,4,2545599494,
,25,9030187,5,2590301875,
,25,4987775,3,2549877753,
,25,3981486,4,2539814864,
,25,4190626,6,2541906266,
,25,7826547,4,2578265474,
,25,5345300,5,2553453005,
,25,4113699,5,2541136995,
,25,8758381,3,2587583813,
,25,1017368,4,2510173684,
,25,9319379,2,2593193792,
,25,7591161,6,2575911616,
,25,7398411,7,2573984117,
,25,8177633,9,2581776339,
,25,7501654,8,2575016548,
,25,1252464,1,2512524641,
,25,5381377,9,2553813779,
,25,2178868,0,2521788680,
,25,1094293,5,2510942935,
,25,8233371,7,2582333717,
,25,3998493,7,2539984937,
,25,5380752,5,2553807525,
,25,9489431,9,2594894319,
,25,9620895,0,2596208950,
,25,3591897,0,2535918970,
,25,2003784,9,2520037849,
,25,7367998,2,2573679982,
,25,9264202,0,2592642020,
,25,9569562,9,2595695629,
,25,1321346,6,2513213466,
,25,8483855,7,2584838557,
,25,9930022,9,2599300229,
,25,3498914,5,2534989145,
,25,5572192,8,2555721928,
,25,2382163,9,2523821639,
,25,9206017,3,2592060173,
,25,9534416,1,2595344161,
,25,8913338,1,2589133381,
,25,2790194,8,2527901948,
,25,8427671,4,2584276714,
,25,2501787,2,2525017872,
,25,3308528,5,2533085285,
,25,3314250,7,2533142507,
,25,6432546,2,2564325462,
,25,6935157,1,2569351571,
,25,4978890,7,2549788907,
,25,2378183,2,2523781832,
,25,4130349,2,2541303492,
,25,4243333,6,2542433336,
,25,7930096,4,2579300964,
,25,6046946,1,2560469461,
,25,4718062,7,2547180627,
,25,5967474,3,2559674743,
,25,5114291,3,2551142913,
,25,7492918,8,2574929188,
,25,1866456,1,2518664561,
,25,2784894,0,2527848940,
,25,9985229,8,2599852298,
,25,6383222,6,2563832226,
,25,4357646,3,2543576463,
,25,8512297,8,2585122978,
,25,9561532,3,2595615323,
,25,8393018,8,2583930188,
,25,7462877,5,2574628775,
,25,6866661,9,2568666619,
,25,2625652,7,2526256527,
,25,3382784,5,2533827845,
,25,1815607,4,2518156074,
,25,4153120,0,2541531200,
,25,3355086,8,2533550868,
,25,7516814,6,2575168146,
,25,6656971,1,2566569711,
,25,9366551,2,2593665512,
,25,3507566,3,2535075663,
,25,9745708,6,2597457086,
,25,5109058,0,2551090580,
,25,8417249,1,2584172491,
,25,7263424,8,2572634248,
,25,4627371,9,2546273719,
,25,3566002,8,2535660028,
,25,7320905,6,2573209056,
,25,3965980,5,2539659805,
,25,6419034,9,2564190349,
,25,2383697,1,2523836971,
,25,8229278,4,2582292784,
,25,7294802,0,2572948020,
,25,4737103,2,2547371032,
,25,7796026,0,2577960260,
,25,9120309,0,2591203090,
,25,2856833,6,2528568336,
,25,5852103,1,2558521031,
,25,3388816,7,2533888167,
,25,8815064,1,2588150641,
,25,6786853,3,2567868533,
,25,2862781,4,2528627814,
,25,5522283,0,2555222830,
,25,3743791,2,2537437912,
,25,5711439,9,2557114399,
,25,3576421,4,2535764214,
,25,5808579,3,2558085793,
,25,9544477,8,2595444778,
,25,6349508,7,2563495087,
,25,9911690,2,2599116902,
,25,6123107,4,2561231074,
,25,4144705,2,2541447052,
,25,7097766,4,2570977664,
,25,5035824,7,2550358247,
,25,1656583,9,2516565839,
,25,8451225,8,2584512258,
,25,7180777,5,2571807775,
,25,6249751,8,2562497518,
,25,6199410,9,2561994109,
,25,9151552,7,2591515527,
,25,3333110,8,2533331108,
,25,1842731,5,2518427315,
,25,6190751,9,2561907519,
,25,2418010,5,2524180105,
,25,9524936,7,2595249367,
,25,8752355,2,2587523552,
,25,3061737,4,2530617374,
,25,9497055,8,2594970558,
,25,3942665,6,2539426656,
,25,7886267,9,2578862679,
,25,4055582,4,2540555824,
,25,6265321,3,2562653213,
,25,7292630,8,2572926308,
,25,7388711,7,2573887117,
,25,3016960,6,2530169606,
,25,3838732,2,2538387322,
,25,3508550,3,2535085503,
,25,6968030,0,2569680300,
,25,6608781,5,2566087815,
,25,8232128,0,2582321280,
,25,9112437,0,2591124370,
,25,6640486,2,2566404862,
,25,8036617,7,2580366177,
,25,1884281,0,2518842810,
,25,3803794,0,2538037940,
,25,7891294,4,2578912944,
,25,2639316,8,2526393168,
,25,6586761,5,2565867615,
,25,1333423,6,2513334236,
,25,4305509,5,2543055095,
,25,2638933,6,2526389336,
,25,2985032,6,2529850326,
,25,7355836,9,2573558369,
,25,9179417,9,2591794179,
,25,9933917,5,2599339175,
,25,4356267,0,2543562670,
,25,4748213,8,2547482138,
,25,3487336,3,2534873363,
,25,1066562,6,2510665626,
,25,3810769,2,2538107692,
,25,4834056,6,2548340566,
,25,1849249,8,2518492498,
,25,5399061,4,2553990614,
,25,3412509,0,2534125090,
,25,1056116,7,2510561167,
,25,2821439,7,2528214397,
,25,1092068,5,2510920685,
,25,9969183,7,2599691837,
,25,7905877,7,2579058777,
,25,5915307,2,2559153072,
,25,8695470,3,2586954703,
,25,5403303,8,2554033038,
,25,2335832,9,2523358329,
,25,2238817,9,2522388179,
,25,8033196,7,2580331967,
,25,1683257,2,2516832572,
,25,1455959,2,2514559592,
,25,3550510,9,2535505109,
,25,2592146,9,2525921469,
,25,2266862,2,2522668622,
,25,8047274,2,2580472742,
,25,9817798,1,2598177981,
,25,6809939,0,2568099390,
,25,3889848,8,2538898488,
,25,6313026,6,2563130266,
,25,3079247,5,2530792475,
,25,5496986,4,2554969864,
,25,4317839,5,2543178395,
,25,1332030,6,2513320306,
,25,1524820,9,2515248209,
,25,5125452,8,2551254528,
,25,8372757,1,2583727571,
,25,4878855,7,2548788557,
,25,2228566,8,2522285668,
,25,1871006,3,2518710063,
,25,3143246,6,2531432466,
,25,3632007,5,2536320075,
,25,3894973,2,2538949732,
,25,3102837,0,2531028370,
,25,1793562,8,2517935628,
,25,6303954,9,2563039549,
,25,8313259,9,2583132599,
,25,5483193,9,2554831939,
,25,2796524,0,2527965240,
,25,1895782,7,2518957827,
,25,3953073,2,2539530732,
,25,7959832,8,2579598328,
,25,4733503,1,2547335031,
,25,8104465,9,2581044659,
,25,5280631,2,2552806312,
,25,1713032,5,2517130325,
,25,3028056,4,2530280564,
,25,5892187,4,2558921874,
,25,4926063,7,2549260637,
,25,7553430,9,2575534309,
,25,2109693,2,2521096932,
,25,9364821,4,2593648214,
,25,2790723,3,2527907233,
,25,3357733,5,2533577335,
,25,9540402,1,2595404021,
,25,9400669,1,2594006691,
,25,8547518,4,2585475184,
,25,7876466,9,2578764669,
,25,7578938,8,2575789388,
,25,7920687,6,2579206876,
,25,7757787,5,2577577875,
,25,6651184,0,2566511840,
,25,4506521,4,2545065214,
,25,9297949,5,2592979495,
,25,4005026,7,2540050267,
,25,7838202,8,2578382028,
,25,2792448,5,2527924485,
,25,6166720,3,2561667203,
,25,4028777,0,2540287770,
,25,5451672,7,2554516727,
,25,1839294,7,2518392947,
,25,4810514,3,2548105143,
,25,9831237,7,2598312377,
,25,2910938,7,2529109387,
,25,7614724,7,2576147247,
,25,7383676,5,2573836765,
,25,1124654,1,2511246541,
,25,7805396,5,2578053965,
,25,7950595,4,2579505954,
,25,9452473,5,2594524735,
,25,1289362,6,2512893626,
,25,3474680,9,2534746809,
,25,8669895,1,2586698951,
,25,4729399,9,2547293999,
,25,8220265,5,2582202655,
,25,1342797,3,2513427973,
,25,7988212,4,2579882124,
,25,2418307,7,2524183077,
,25,8053892,7,2580538927,
,25,1941904,1,2519419041,
,25,6828791,9,2568287919,
,25,3288216,9,2532882169,
,25,7788602,0,2577886020,
,25,5214760,7,2552147607,
,25,9788892,1,2597888921,
,25,9450047,6,2594500476,
,25,3237329,9,2532373299,
,25,4994435,9,2549944359,
,25,5500030,5,2555000305,
,25,9823276,4,2598232764,
,25,5585202,0,2555852020,
,25,6525686,3,2565256863,
,25,9035798,2,2590357982,
,25,1448406,7,2514484067,
,25,8063707,6,2580637076,
,25,6514485,6,2565144856,
,25,6838408,8,2568384088,
,25,8126366,4,2581263664,
,25,1898482,1,2518984821,
,25,4470494,5,2544704945,
,25,2358643,1,2523586431,
,25,3347407,1,2533474071,
,25,1739683,1,2517396831,
,25,4041869,7,2540418697,
,25,4233863,9,2542338639,
,25,3109724,7,2531097247,
,25,1241780,9,2512417809,
,25,9632568,2,2596325682,
,25,6364804,8,2563648048,
,25,7022022,4,2570220224,
,25,2323978,5,2523239785,
,25,1839442,8,2518394428,
,25,6694297,2,2566942972,
,25,3034394,5,2530343945,
,25,8912896,0,2589128960,
,25,1149683,4,2511496834,
,25,6839682,9,2568396829,
,25,4248369,8,2542483698,
,25,2645957,7,2526459577,
,25,8898779,3,2588987793,
,25,6985547,4,2569855474,
,25,9519644,4,2595196444,
,25,1096899,0,2510968990,
,25,8704954,8,2587049548,
,25,7604594,2,2576045942,
,25,7985987,5,2579859875,
,25,5574114,1,2555741141,
,25,6468135,1,2564681351,
,25,5641769,4,2556417694,
,25,6227983,6,2562279836,
,25,1437996,0,2514379960,
,25,2549811,0,2525498110,
,25,8770475,2,2587704752,
,25,4501730,3,2545017303,
,25,9185266,6,2591852666,
,25,5934710,3,2559347103,
,25,7209530,3,2572095303,
,25,2370312,4,2523703124,
,25,3256233,9,2532562339,
,25,6016063,6,2560160636,
,25,7375684,8,2573756848,
,25,6104800,2,2561048002,
,25,1635209,8,2516352098,
,25,5143261,1,2551432611,
,25,6338891,0,2563388910,
,25,9425728,9,2594257289,
,25,9834814,5,2598348145,
,25,1224065,7,2512240657,
,25,7646169,3,2576461693,
,25,7512459,6,2575124596,
,25,9781646,7,2597816467,
,25,4483079,3,2544830793,
,25,1584741,5,2515847415,
,25,2720521,3,2527205213,
,25,8453824,4,2584538244,
,25,1944016,3,2519440163,
,25,3366309,3,2533663093,
,25,2115952,8,2521159528,
,25,4860146,7,2548601467,
,25,3325373,0,2533253730,
,25,5031694,1,2550316941,
,25,2760904,7,2527609047,
,25,2096125,5,2520961255,
,25,3817432,4,2538174324,
,25,5098676,0,2550986760,
,25,9666164,3,2596661643,
,25,1763924,7,2517639247,
,25,7643088,6,2576430886,
,25,9105804,9,2591058049,
,25,8463985,1,2584639851,
,25,9001215,8,2590012158,
,25,1395817,3,2513958173,
,25,7241025,2,2572410252,
,25,6148543,5,2561485435,
,25,6728232,4,2567282324,
,25,9895183,7,2598951837,
,25,9186399,8,2591863998,
,25,2681529,3,2526815293,
,25,5492836,4,2554928364,
,25,2703565,8,2527035658,
,25,8158788,6,2581587886,
,25,8866841,4,2588668414,
,25,1470117,2,2514701172,
,25,3507415,4,2535074154,
,25,2881294,4,2528812944,
,25,9661042,9,2596610429,
,25,5756099,5,2557560995,
,25,1282119,2,2512821192,
,25,9881338,7,2598813387,
,25,5005166,8,2550051668,
,25,1084364,1,2510843641,
,25,6531641,1,2565316411,
,25,6078687,8,2560786878,
,25,6338693,0,2563386930,
,25,6489915,3,2564899153,
,25,2922435,3,2529224353,
,25,7100328,6,2571003286,
,25,8187912,3,2581879123,
,25,9246364,2,2592463642,
,25,8315687,8,2583156878,
,25,2139007,1,2521390071,
,25,4608627,8,2546086278,
,25,3610517,7,2536105177,
,25,8542761,4,2585427614,
,25,4458366,4,2544583664,
,25,7807081,3,2578070813,
,25,2522727,3,2525227273,
,25,7265802,7,2572658027,
,25,3839989,9,2538399899,
,25,2963178,2,2529631782,
,25,2431844,4,2524318444,
,25,9918771,1,2599187711,
,25,4366321,9,2543663219,
,25,1136529,3,2511365293,
,25,5840390,6,2558403906,
,25,4033736,0,2540337360,
,25,4938278,1,2549382781,
,25,3148532,7,2531485327,
,25,7998576,1,2579985761,
,25,3223097,3,2532230973,
,25,8837534,4,2588375344,
,25,3502670,2,2535026702,
,25,8415024,9,2584150249,
,25,5710469,4,2557104694,
,25,5460817,2,2554608172,
,25,1730358,6,2517303586,
,25,2497603,9,2524976039,
,25,9581267,6,2595812676,
,25,9077211,5,2590772115,
,25,6031173,5,2560311735,
,25,2689502,0,2526895020,
,25,8858629,4,2588586294,
,25,9089322,9,2590893229,
,25,3713946,3,2537139463,
,25,8923699,8,2589236998,
,25,4101102,8,2541011028,
,25,1815299,5,2518152995,
,25,5739172,3,2557391723,
,25,8083233,0,2580832330,
,25,3465619,1,2534656191,
,25,1251116,4,2512511164,
,25,8613378,8,2586133788,
,25,9425194,4,2594251944,
,25,8082586,1,2580825861,
,25,1621096,8,2516210968,
,25,9992531,3,2599925313,
,25,6603111,1,2566031111,
,25,6149492,2,2561494922,
,25,8779602,8,2587796028,
,25,2614271,6,2526142716,
,25,2005413,9,2520054139,
,25,7365256,4,2573652564,
,25,2687906,4,2526879064,
,25,9597695,7,2595976957,
,25,7616900,6,2576169006,
,25,7199610,9,2571996109,
,25,2257659,2,2522576592,
,25,1724613,7,2517246137,
,25,4505683,3,2545056833,
,25,1020131,6,2510201316,
,25,7826000,2,2578260002,
,25,7047647,9,2570476479,
,25,2339791,8,2523397918,
,25,6284102,0,2562841020,
,25,7407241,1,2574072411,
,25,4058230,9,2540582309,
,25,6045659,0,2560456590,
,25,9843214,7,2598432147,
,25,1652174,0,2516521740,
,25,8691517,5,2586915175,
,25,2834961,4,2528349614,
,25,7906171,5,2579061715,
,25,2138463,0,2521384630,
,25,8645414,6,2586454146,
,25,3346786,6,2533467866,
,25,2357607,1,2523576071,
,25,8214179,5,2582141795,
,25,8847364,7,2588473647,
,25,2578868,1,2525788681,
,25,2941269,8,2529412698,
,25,6121452,7,2561214527,
,25,8415245,5,2584152455,
,25,9614642,3,2596146423,
,25,4281256,5,2542812565,
,25,6538315,2,2565383152,
,25,5127664,2,2551276642,
,25,3892099,2,2538920992,
,25,9837172,5,2598371725,
,25,6994243,7,2569942437,
,25,2244130,4,2522441304,
,25,6905977,7,2569059777,
,25,2667364,1,2526673641,
,25,1838454,7,2518384547,
,25,5497041,1,2554970411,
,25,7786536,8,2577865368,
,25,8308995,0,2583089950,
,25,8570008,1,2585700081,
,25,1215104,7,2512151047,
,25,4156204,7,2541562047,
,25,5174514,0,2551745140,
,25,3374787,1,2533747871,
,25,7831765,0,2578317650,
,25,8029623,9,2580296239,
,25,5611170,2,2556111702,
,25,2656892,7,2526568927,
,25,6482411,8,2564824118,
,25,5293134,6,2552931346,
,25,5173511,2,2551735112,
,25,4200574,3,2542005743,
,25,7000554,1,2570005541,
,25,6476513,9,2564765139,
,25,9718417,8,2597184178,
,25,1353739,4,2513537394,
,25,1385906,5,2513859065,
,25,9112738,0,2591127380,
,25,1647991,5,2516479915,
,25,6285169,4,2562851694,
,25,5736201,4,2557362014,
,25,5970887,6,2559708876,
,25,9997749,0,2599977490,
,25,7934997,6,2579349976,
,25,2709800,8,2527098008,
,25,2842710,9,2528427109,
,25,9095826,7,2590958267,
,25,1751616,3,2517516163,
,25,7817578,5,2578175785,
,25,2365216,3,2523652163,
,25,5203529,8,2552035298,
,25,4688064,9,2546880649,
,25,2230288,1,2522302881,
,25,3569621,8,2535696218,
,25,3888347,0,2538883470,
,25,3217080,6,2532170806,
,25,1331520,0,2513315200,
,25,8461242,4,2584612424,
,25,3877627,6,2538776276,
,25,2316384,6,2523163846,
,25,9946592,1,2599465921,
,25,5955439,6,2559554396,
,25,7794434,3,2577944343,
,25,2474412,4,2524744124,
,25,5034149,6,2550341496,
,25,9921481,4,2599214814,
,25,5486687,4,2554866874,
,25,8771548,7,2587715487,
,25,7639933,4,2576399334,
,25,2919192,5,2529191925,
,25,7626478,1,2576264781,
,25,9003116,4,2590031164,
,25,1081143,2,2510811432,
,25,7452506,0,2574525060,
,25,8878556,7,2588785567,
,25,2627695,5,2526276955,
,25,1654990,2,2516549902,
,25,5209573,4,2552095734,
,25,6215277,2,2562152772,
,25,7048007,5,2570480075,
,25,2646507,6,2526465076,
,25,4810803,5,2548108035,
,25,6889893,7,2568898937,
,25,7361495,5,2573614955,
,25,6048357,4,2560483574,
,25,6044247,6,2560442476,
,25,7170870,5,2571708705,
,25,5253832,6,2552538326,
,25,3199350,0,2531993500,
,25,2431982,5,2524319825,
,25,9186994,8,2591869948,
,25,5150991,1,2551509911,
,25,5498533,1,2554985331,
,25,1241653,5,2512416535,
,25,8136357,6,2581363576,
,25,4094151,3,2540941513,
,25,6458224,3,2564582243,
,25,4734114,7,2547341147,
,25,2671863,4,2526718634,
,25,7056575,4,2570565754,
,25,3621985,0,2536219850,
,25,6521080,2,2565210802,
,25,7491735,6,2574917356,
,25,5582742,9,2555827429,
,25,5292542,6,2552925426,
,25,6395993,6,2563959936,
,25,4035564,8,2540355648,
,25,4697398,5,2546973985,
,25,3589804,2,2535898042,
,25,6896801,2,2568968012,
,25,4714765,6,2547147656,
,25,3005821,7,2530058217,
,25,5090608,2,2550906082,
,25,6161086,1,2561610861,
,25,1290874,3,2512908743,
,25,7786474,9,2577864749,
,25,4189496,2,2541894962,
,25,9342039,6,2593420396,
,25,3855931,8,2538559318,
,25,7663359,2,2576633592,
,25,9363793,1,2593637931,
,25,8967961,5,2589679615,
,25,6366291,4,2563662914,
,25,5137773,0,2551377730,
,25,6726426,0,2567264260,
,25,3148556,2,2531485562,
,25,4834489,0,2548344890,
,25,9857772,5,2598577725,
,25,4606391,7,2546063917,
,25,6457976,4,2564579764,
,25,2093394,7,2520933947,
,25,4008581,8,2540085818,
,25,3409462,2,2534094622,
,25,3657631,8,2536576318,
,25,5512663,4,2555126634,
,25,7618265,9,2576182659,
,25,1680676,4,2516806764,
,25,9161005,8,2591610058,
,25,1169625,7,2511696257,
,25,7890404,5,2578904045,
,25,1115335,3,2511153353,
,25,6288234,5,2562882345,
,25,3755005,6,2537550056,
,25,4899122,2,2548991222,
,25,4246700,5,2542467005,
,25,7909987,7,2579099877,
,25,4928491,7,2549284917,